Name,Nation,Age,Club,Position,Current Ability,League,Derived Price (EURm),Opening Bid (EURm)
Kevin De Bruyne,Belgium,35,Napoli,AMF,176.0,Serie A,154.84,110
Erling Haaland,Norway,25,Manchester City,ST,181.0,Premier Division,200.00,140
Kylian Mbappé,France,27,Real Madrid,ST,181.0,First Division,200.00,140
Lionel Messi,Argentina,39,Inter Miami,RW,174.0,MLS,139.77,100
Harry Kane,England,32,Bayern Munich,ST,176.0,Bundesliga,154.84,110
Vinícius Júnior,Brazil,26,Real Madrid,LW,177.0,First Division,162.97,115
Thibaut Courtois,Belgium,34,Real Madrid,GK,174.0,First Division,139.77,100
Mohamed Salah,Egypt,34,Trabzonspor,RW,174.0,Super League,139.77,100
Rodri,Spain,30,Manchester City,CDM,174.0,Premier Division,139.77,100
Ederson,Brazil,32,Fenerbahçe,GK,149.0,Serie A,38.87,25
Virgil van Dijk,Netherlands,35,Liverpool,CB,172.0,Premier Division,126.17,90
Bernardo Silva,Portugal,31,Real Madrid,RW,168.0,First Division,102.81,70
Robert Lewandowski,Poland,37,Chicago,ST,175.0,MLS,147.11,105
Jude Bellingham,England,23,Real Madrid,AMF,172.0,First Division,126.17,90
Alisson,Brazil,33,Liverpool,GK,171.0,Premier Division,119.87,85
Declan Rice,England,27,Arsenal,CM,169.0,Premier Division,108.21,75
Neymar,Brazil,34,SAN,LW,167.0,Second Division,97.68,70
Marc-André ter Stegen,Germany,34,Ajax,GK,165.0,Eredivisie,88.17,60
Joshua Kimmich,Germany,31,Bayern Munich,CDM,166.0,Bundesliga,92.80,65
Bukayo Saka,England,24,Arsenal,RW,170.0,Premier Division,113.89,80
Martin Ødegaard,Norway,27,Arsenal,AMF,169.0,Premier Division,108.21,75
Rúben Dias,Portugal,29,Manchester City,CB,169.0,Premier Division,108.21,75
Lautaro Martínez,Argentina,28,Inter,ST,165.0,Serie A,88.17,60
Antoine Griezmann,France,35,Orlando City,ST,168.0,MLS,102.81,70
Bruno Fernandes,Portugal,31,Manchester United,AMF,165.0,Premier Division,88.17,60
Luka Modric,Croatia,40,AC Milan,CM,168.0,Serie A,102.81,70
Jan Oblak,Slovenia,33,Atletico Madrid,GK,164.0,First Division,83.77,60
Ronald Araujo,Uruguay,27,Liverpool,CB,165.0,Premier Division,88.17,60
Eduardo Camavinga,France,23,Real Madrid,CM,167.0,First Division,97.68,70
Heung-Min Son,South Korea,34,LAFC,LW,166.0,MLS,92.80,65
Phil Foden,England,26,Manchester City,RW,166.0,Premier Division,92.80,65
Victor Osimhen,Nigeria,27,Galatasaray,ST,163.0,Super League,79.59,55
Leroy Sané,Germany,30,Galatasaray,RW,163.0,Super League,79.59,55
Rodrygo,Brazil,25,Real Madrid,RW,163.0,First Division,79.59,55
Federico Valverde,Uruguay,27,Real Madrid,CM,168.0,First Division,102.81,70
Ousmane Dembélé,France,29,PSG,RW,164.0,Ligue 1 Uber Eats,83.77,60
Ilkay Gündogan,Germany,35,Galatasaray,CM,163.0,Super League,79.59,55
John Stones,England,32,Inter,CB,162.0,Serie A,75.62,55
Éder Militão,Brazil,28,Real Madrid,CB,163.0,First Division,79.59,55
Antonio Rüdiger,Germany,33,Real Madrid,CB,164.0,First Division,83.77,60
Gabriel Jesus,Brazil,29,Arsenal,ST,162.0,Premier Division,75.62,55
Bruno Guimarães,Brazil,28,Arsenal,CM,163.0,Premier Division,79.59,55
Frenkie de Jong,Netherlands,29,Barcelona,CM,164.0,First Division,83.77,60
Karim Benzema,France,38,Al-Hilal,ST,161.0,Saudi Pro League,71.85,50
Jack Grealish,England,30,Manchester City,LW,161.0,Premier Division,71.85,50
William Saliba,France,25,Arsenal,CB,165.0,Premier Division,88.17,60
Kyle Walker,England,36,Burnley,RB,160.0,Sky Bet Championship,68.26,50
Rafael Leão,Portugal,27,AC Milan,LW,159.0,Serie A,64.85,45
Marquinhos,Brazil,32,PSG,CB,160.0,Ligue 1 Uber Eats,68.26,50
Manuel Neuer,Germany,40,Bayern Munich,GK,159.0,Bundesliga,64.85,45
Luis Díaz,Colombia,29,Bayern Munich,LW,159.0,Bundesliga,64.85,45
Kim Min-Jae,South Korea,29,Bayern Munich,CB,158.0,Bundesliga,61.62,45
Cristian Romero,Argentina,28,Tottenham,CB,160.0,Premier Division,68.26,50
Christopher Nkunku,France,28,AC Milan,ST,157.0,Serie A,58.54,40
Trent Alexander-Arnold,England,27,Real Madrid,RB,162.0,First Division,75.62,55
Pedri,Spain,23,Barcelona,CM,161.0,First Division,71.85,50
Khvicha Kvaratskhelia,Georgia,25,PSG,LW,159.0,Ligue 1 Uber Eats,64.85,45
Kingsley Coman,France,30,Al-Nassr,LW,160.0,Saudi Pro League,68.26,50
Reece James,England,26,Chelsea,RB,156.0,Premier Division,55.62,40
Gianluigi Donnarumma,Italy,27,Manchester City,GK,162.0,Premier Division,75.62,55
Nicolò Barella,Italy,29,Inter,CM,159.0,Serie A,64.85,45
Lucas Hernández,France,30,PSG,CB,158.0,Ligue 1 Uber Eats,61.62,45
Achraf Hakimi,Morocco,27,PSG,RB,158.0,Ligue 1 Uber Eats,61.62,45
Raheem Sterling,England,31,Free Agent,LW,158.0,-,61.62,45
Gabriel Martinelli,Brazil,25,Arsenal,LW,158.0,Premier Division,61.62,45
Marcus Rashford,England,28,Manchester United,LW,155.0,Premier Division,52.85,35
Dejan Kulusevski,Sweden,26,Tottenham,RW,158.0,Premier Division,61.62,45
Hakan Çalhanoglu,Türkiye,32,Inter,CDM,157.0,Serie A,58.54,40
Cristiano Ronaldo,Portugal,41,Al-Nassr,ST,157.0,Saudi Pro League,58.54,40
Marco Verratti,Italy,33,Al-Duhail,CM,158.0,Stars League,61.62,45
Sergej Milinkovic-Savic,Serbia,31,Al-Hilal,CM,158.0,Saudi Pro League,61.62,45
N'Golo Kanté,France,35,Fenerbahçe,CDM,157.0,Super League,58.54,40
James Maddison,England,29,Tottenham,AMF,154.0,Premier Division,50.21,35
Luke Shaw,England,30,Manchester United,LB,157.0,Premier Division,58.54,40
Matthijs de Ligt,Netherlands,26,Manchester United,CB,156.0,Premier Division,55.62,40
Mike Maignan,France,31,AC Milan,GK,159.0,Serie A,64.85,45
Iñaki Williams,Ghana,32,Athletic Bilbao,RW,155.0,First Division,52.85,35
David Alaba,Austria,34,Free Agent,CB,157.0,-,58.54,40
Kieran Trippier,England,35,Wolves,RB,156.0,Sky Bet Championship,55.62,40
Marco Asensio,Spain,30,Fenerbahçe,RW,158.0,Super League,61.62,45
Dayot Upamecano,France,27,Bayern Munich,CB,156.0,Bundesliga,55.62,40
Jamal Musiala,Germany,23,Bayern Munich,AMF,157.0,Bundesliga,58.54,40
Alexis Mac Allister,Argentina,27,Liverpool,CM,158.0,Premier Division,61.62,45
Enzo Fernández,Argentina,25,Chelsea,CM,156.0,Premier Division,55.62,40
Viktor Gyökeres,Sweden,28,Arsenal,ST,157.0,Premier Division,58.54,40
Jules Koundé,France,27,Barcelona,RB,155.0,First Division,52.85,35
Ángel Di María,Argentina,38,Rosario Central,RW,158.0,Premier Division,61.62,45
Nicolás Otamendi,Argentina,38,River Plate,CB,155.0,Premier Division,52.85,35
João Cancelo,Portugal,32,Al-Hilal,RB,155.0,Saudi Pro League,52.85,35
Milan Škriniar,Slovakia,31,Fenerbahçe,CB,154.0,Super League,50.21,35
Theo Hernández,France,28,Al-Hilal,LB,159.0,Saudi Pro League,64.85,45
Emiliano Martínez,Argentina,33,Aston Villa,GK,157.0,Premier Division,58.54,40
Sandro Tonali,Italy,26,Tottenham,CM,155.0,Premier Division,52.85,35
Andrew Robertson,Scotland,32,Tottenham,LB,155.0,Premier Division,52.85,35
Federico Dimarco,Italy,28,Inter,LB,155.0,Serie A,52.85,35
Marcus Thuram,France,28,Inter,ST,155.0,Serie A,52.85,35
Aurélien Tchouameni,France,26,Real Madrid,CDM,158.0,First Division,61.62,45
Koke,Spain,34,Atletico Madrid,CM,154.0,First Division,50.21,35
José Gayà,Spain,31,Valencia,LB,155.0,First Division,52.85,35
Yves Bissouma,Mali,29,Free Agent,CDM,154.0,-,50.21,35
Romelu Lukaku,Belgium,33,Fenerbahçe,ST,158.0,Super League,61.62,45
Casemiro,Brazil,34,Inter Miami,CDM,155.0,MLS,52.85,35
Leon Goretzka,Germany,31,Free Agent,CM,155.0,-,52.85,35
Alphonso Davies,Canada,25,Bayern Munich,LB,154.0,Bundesliga,50.21,35
Serge Gnabry,Germany,30,Bayern Munich,RW,156.0,Bundesliga,55.62,40
Gregor Kobel,Switzerland,28,Borussia Dortmund,GK,157.0,Bundesliga,58.54,40
Rodrigo Bentancur,Uruguay,29,Tottenham,CM,152.0,Premier Division,45.32,30
Gabriel,Brazil,28,Arsenal,CB,157.0,Premier Division,58.54,40
Mason Mount,England,27,Manchester United,AMF,155.0,Premier Division,52.85,35
Sven Botman,Netherlands,26,Newcastle United,CB,156.0,Premier Division,55.62,40
Federico Chiesa,Italy,28,Liverpool,LW,153.0,Premier Division,47.70,35
Pau Torres,Spain,29,Aston Villa,CB,155.0,Premier Division,52.85,35
Moisés Caicedo,Ecuador,24,Chelsea,CDM,156.0,Premier Division,55.62,40
Alexander Isak,Sweden,26,Liverpool,ST,158.0,Premier Division,61.62,45
Henrikh Mkhitaryan,Armenia,37,Inter,CM,155.0,Serie A,52.85,35
Adrien Rabiot,France,31,AC Milan,CM,155.0,Serie A,52.85,35
Benjamin Pavard,France,30,Inter,CB,153.0,Serie A,47.70,35
Wojciech Szczesny,Poland,36,Barcelona,GK,154.0,First Division,50.21,35
Ibrahima Konaté,France,27,Real Madrid,CB,156.0,First Division,55.62,40
Ferland Mendy,France,31,Real Madrid,LB,155.0,First Division,52.85,35
Olivier Giroud,France,39,Lille,ST,155.0,Ligue 1 Uber Eats,52.85,35
Vitinha,Portugal,26,PSG,CM,157.0,Ligue 1 Uber Eats,58.54,40
Thiago Silva,Brazil,41,Fluminense,CB,153.0,First Division,47.70,35
Nathan Aké,Netherlands,31,Fenerbahçe,CB,156.0,Super League,55.62,40
Dušan Vlahovic,Serbia,26,Beşiktaş,ST,154.0,Super League,50.21,35
Yann Sommer,Switzerland,37,Club Brugge,GK,154.0,Jupiler Pro League,50.21,35
Darwin Núñez,Uruguay,27,Al-Hilal,ST,155.0,Saudi Pro League,52.85,35
João Palhinha,Portugal,31,Bayern Munich,CDM,153.0,Bundesliga,47.70,35
Lisandro Martínez,Argentina,28,Manchester United,CB,155.0,Premier Division,52.85,35
Benjamin White,England,28,Arsenal,RB,154.0,Premier Division,50.21,35
Guglielmo Vicario,Italy,29,Tottenham,GK,152.0,Premier Division,45.32,30
Paulo Dybala,Argentina,32,AS Roma,AMF,153.0,Serie A,47.70,35
Bremer,Brazil,29,Juventus,CB,153.0,Serie A,47.70,35
Randal Kolo Muani,France,27,Juventus,ST,152.0,Serie A,45.32,30
Pervis Estupiñán,Ecuador,28,AC Milan,LB,152.0,Serie A,45.32,30
Guido Rodríguez,Argentina,32,Valencia,CDM,153.0,First Division,47.70,35
Dani Olmo,Spain,28,Barcelona,AMF,154.0,First Division,50.21,35
Sergio Canales,Spain,35,Racing Santander,AMF,152.0,First Division,45.32,30
Ben Chilwell,England,29,Strasbourg,LB,153.0,Ligue 1 Uber Eats,47.70,35
Franck Kessié,Ivory Coast,29,Free Agent,CM,154.0,-,50.21,35
Yannick Carrasco,Belgium,32,Al-Shabab,LW,153.0,Saudi Pro League,47.70,35
Marcelo Brozovic,Croatia,33,Free Agent,CDM,153.0,-,47.70,35
Jarrod Bowen,England,29,West Ham United,RW,153.0,Sky Bet Championship,47.70,35
Mats Hummels,Germany,37,Free Agent,CB,154.0,-,50.21,35
Thomas Müller,Germany,36,Vancouver,AMF,153.0,MLS,47.70,35
Rafa,Portugal,33,Benfica,AMF,155.0,Premier League,52.85,35
Mauro Icardi,Argentina,33,Free Agent,ST,153.0,-,47.70,35
Dani Carvajal,Spain,34,Free Agent,RB,154.0,-,50.21,35
Thomas Partey,Ghana,33,Free Agent,CDM,154.0,-,50.21,35
Oleksandr Zinchenko,Ukraine,29,Free Agent,LB,153.0,-,47.70,35
Diogo Costa,Portugal,26,FC Porto,GK,155.0,Premier League,52.85,35
Riyad Mahrez,Algeria,35,Free Agent,RW,154.0,-,50.21,35
Dominik Szoboszlai,Hungary,25,Liverpool,CM,153.0,Premier Division,47.70,35
Lewis Dunk,England,34,Brighton,CB,153.0,Premier Division,47.70,35
Pedro Porro,Spain,26,Tottenham,RB,152.0,Premier Division,45.32,30
Giovanni Di Lorenzo,Italy,32,Napoli,RB,152.0,Serie A,45.32,30
Alessandro Bastoni,Italy,27,Inter,CB,158.0,Serie A,61.62,45
Manuel Akanji,Switzerland,30,Inter,CB,153.0,Serie A,47.70,35
Raphinha,Brazil,29,Barcelona,RW,155.0,First Division,52.85,35
Andreas Christensen,Denmark,30,Barcelona,CB,153.0,First Division,47.70,35
Gerard Moreno,Spain,34,Villarreal,ST,154.0,First Division,50.21,35
Álex Grimaldo,Spain,30,Atletico Madrid,LB,153.0,First Division,47.70,35
Gavi,Spain,21,Barcelona,CM,153.0,First Division,47.70,35
Yan Diomandé,Ivory Coast,19,Real Madrid,CB,152.0,First Division,45.32,30
Lucas Ocampos,Argentina,32,Monterrey,RW,152.0,First Division,45.32,30
Leandro Trossard,Belgium,31,Beşiktaş,LW,154.0,Super League,50.21,35
Danilo Pereira,Portugal,34,Al-Ittihad,CB,153.0,Saudi Pro League,47.70,35
Sebastián Coates,Uruguay,35,Nacional,CB,152.0,First Division,45.32,30
Julian Brandt,Germany,30,Ajax,AMF,153.0,Eredivisie,47.70,35
Jérémy Doku,Belgium,24,Manchester City,LW,153.0,Premier Division,47.70,35
Joelinton,Brazil,29,Newcastle United,CM,151.0,Premier Division,43.06,30
Cody Gakpo,Netherlands,27,Liverpool,LW,153.0,Premier Division,47.70,35
John McGinn,Scotland,31,Aston Villa,CM,151.0,Premier Division,43.06,30
Mikel Merino,Spain,30,Arsenal,CM,153.0,Premier Division,47.70,35
Teun Koopmeiners,Netherlands,28,Juventus,AMF,152.0,Serie A,45.32,30
André-Franck Zambo Anguissa,Cameroon,30,Napoli,CM,153.0,Serie A,47.70,35
Álvaro Morata,Spain,33,Como,ST,151.0,Serie A,43.06,30
Christian Pulisic,U.S.A.,27,AC Milan,RW,152.0,Serie A,45.32,30
Julián Álvarez,Argentina,26,Atletico Madrid,ST,155.0,First Division,52.85,35
Iago Aspas,Spain,38,Celta Vigo,ST,151.0,First Division,43.06,30
Unai Simón,Spain,29,Athletic Bilbao,GK,152.0,First Division,45.32,30
Mikel Oyarzábal,Spain,29,Real Sociedad,LW,151.0,First Division,43.06,30
Ansu Fati,Spain,23,AS Monaco,LW,152.0,Ligue 1 Uber Eats,45.32,30
Rodrigo De Paul,Argentina,32,Inter Miami,CM,151.0,MLS,43.06,30
Moussa Diaby,France,27,Al-Ittihad,RW,153.0,Saudi Pro League,47.70,35
Ricardo Horta,Portugal,31,Braga,LW,152.0,Premier League,45.32,30
Luis Alberto,Spain,33,Al-Wakrah,CM,152.0,Stars League,45.32,30
João Félix,Portugal,26,Al-Nassr,ST,150.0,Saudi Pro League,40.91,30
Serhou Guirassy,Guinea,30,Borussia Dortmund,ST,150.0,Bundesliga,40.91,30
Mateo Kovacic,Croatia,32,Manchester City,CM,153.0,Premier Division,47.70,35
David Raya,Spain,30,Arsenal,GK,156.0,Premier Division,55.62,40
Manuel Ugarte,Uruguay,25,Manchester United,CDM,152.0,Premier Division,45.32,30
Kai Havertz,Germany,27,Arsenal,ST,151.0,Premier Division,43.06,30
Florian Wirtz,Germany,23,Liverpool,AMF,157.0,Premier Division,58.54,40
Granit Xhaka,Switzerland,33,Sunderland,CM,153.0,Premier Division,47.70,35
Nicolás González,Argentina,28,Juventus,RW,151.0,Serie A,43.06,30
Fikayo Tomori,England,28,AC Milan,CB,153.0,Serie A,47.70,35
Piotr Zielinski,Poland,32,Inter,CM,152.0,Serie A,45.32,30
Ivan Provedel,Italy,32,Inter,GK,151.0,Serie A,43.06,30
Alex Meret,Italy,29,Napoli,GK,151.0,Serie A,43.06,30
Marcos Llorente,Spain,31,Atletico Madrid,RB,152.0,First Division,45.32,30
Nuno Mendes,Portugal,24,PSG,LB,153.0,Ligue 1 Uber Eats,47.70,35
Francesco Acerbi,Italy,38,Free Agent,CB,150.0,-,40.91,30
Ismaël Bennacer,Algeria,28,Free Agent,CM,151.0,-,43.06,30
Kieran Tierney,Scotland,29,Celtic,LB,150.0,William Hill SPFL,40.91,30
Pablo Sarabia,Spain,34,Al-Arabi,RW,151.0,Stars League,43.06,30
Callum Wilson,England,34,Brentford,ST,151.0,Premier Division,43.06,30
Marc Guéhi,England,25,Manchester City,CB,152.0,Premier Division,45.32,30
Joe Gomez,England,29,Liverpool,CB,151.0,Premier Division,43.06,30
Wesley Fofana,France,25,Chelsea,CB,152.0,Premier Division,45.32,30
Yan Couto,Brazil,24,Como,RB,150.0,Serie A,40.91,30
Bryan Cristante,Italy,31,AS Roma,CM,149.0,Serie A,38.87,25
Domenico Berardi,Italy,31,Sassuolo,RW,150.0,Serie A,40.91,30
Mattia Zaccagni,Italy,31,Lazio,LW,152.0,Serie A,45.32,30
Stanislav Lobotka,Slovakia,31,Napoli,CDM,151.0,Serie A,43.06,30
Denzel Dumfries,Netherlands,30,Real Madrid,RB,148.0,First Division,36.93,25
Alejandro Balde,Spain,22,Barcelona,LB,150.0,First Division,40.91,30
Fabián,Spain,30,PSG,CM,149.0,Ligue 1 Uber Eats,38.87,25
Sergio Ramos,Spain,40,Free Agent,CB,151.0,-,43.06,30
Keylor Navas,Costa Rica,39,Pumas,GK,150.0,First Division,40.91,30
Danilo,Brazil,34,Flamengo,CB,151.0,First Division,43.06,30
Edson Álvarez,Mexico,28,West Ham United,CDM,151.0,Sky Bet Championship,43.06,30
Fredrik Aursnes,Norway,30,Benfica,CM,149.0,Premier League,38.87,25
Álex Moreno,Spain,33,Girona,LB,149.0,Second Division,38.87,25
Youssef En-Nesyri,Morocco,29,Al-Ittihad,ST,151.0,Saudi Pro League,43.06,30
Michael Olise,France,24,Bayern Munich,RW,152.0,Bundesliga,45.32,30
Miguel Gutiérrez,Spain,24,Bayer Leverkusen,LB,150.0,Bundesliga,40.91,30
Jonas Hofmann,Germany,33,Bayer Leverkusen,RW,149.0,Bundesliga,38.87,25
Mohammed Kudus,Ghana,25,Tottenham,RW,149.0,Premier Division,38.87,25
Joško Gvardiol,Croatia,24,Manchester City,CB,150.0,Premier Division,40.91,30
Jordan Pickford,England,32,Everton,GK,149.0,Premier Division,38.87,25
Dominic Calvert-Lewin,England,29,Leeds United,ST,150.0,Premier Division,40.91,30
Kostas Tsimikas,Greece,30,Liverpool,LB,150.0,Premier Division,40.91,30
Tijjani Reijnders,Netherlands,27,Manchester City,CM,151.0,Premier Division,43.06,30
Takehiro Tomiyasu,Japan,27,Crystal Palace,RB,150.0,Premier Division,40.91,30
Martín Zubimendi,Spain,27,Arsenal,CDM,154.0,Premier Division,50.21,35
Ruben Loftus-Cheek,England,30,AC Milan,CM,151.0,Serie A,43.06,30
Matteo Politano,Italy,32,Napoli,RW,151.0,Serie A,43.06,30
Artem Dovbyk,Ukraine,29,Bologna,ST,149.0,Serie A,38.87,25
Gonçalo Ramos,Portugal,25,AC Milan,ST,149.0,Serie A,38.87,25
Brahim Díaz,Morocco,26,Real Madrid,AMF,150.0,First Division,40.91,30
Ademola Lookman,Nigeria,28,Atletico Madrid,LW,152.0,First Division,45.32,30
Isco,Spain,34,Real Betis,AMF,149.0,First Division,38.87,25
Álex Remiro,Spain,31,Real Sociedad,GK,151.0,First Division,43.06,30
Aymeric Laporte,Spain,32,Athletic Bilbao,CB,150.0,First Division,40.91,30
Ferran Torres,Spain,26,Barcelona,LW,151.0,First Division,43.06,30
Ciro Immobile,Italy,36,Paris FC,ST,150.0,Ligue 1 Uber Eats,40.91,30
Héctor Herrera,Mexico,36,Houston,CM,149.0,MLS,38.87,25
Yassine Bounou,Morocco,35,Al-Hilal,GK,150.0,Saudi Pro League,40.91,30
Fred,Brazil,33,Fenerbahçe,CM,152.0,Super League,45.32,30
Fabinho,Brazil,32,Free Agent,CDM,152.0,-,45.32,30
Otávio,Portugal,31,Al-Qadsiah,RW,149.0,First Division,38.87,25
Talisca,Brazil,32,Fenerbahçe,AMF,151.0,Super League,43.06,30
Lucas Paquetá,Brazil,28,Flamengo,AMF,150.0,First Division,40.91,30
Pepê,Brazil,29,FC Porto,RW,151.0,Premier League,43.06,30
James Ward-Prowse,England,31,West Ham United,CM,149.0,Sky Bet Championship,38.87,25
Ivan Toney,England,30,Al-Ahli,ST,149.0,Saudi Pro League,38.87,25
Pedro Gonçalves,Portugal,28,Sporting CP,AMF,149.0,Premier League,38.87,25
Memphis Depay,Netherlands,32,Free Agent,ST,148.0,-,36.93,25
Lucas Torreira,Uruguay,30,Galatasaray,CDM,149.0,Super League,38.87,25
Rúben Neves,Portugal,29,Al-Hilal,CDM,149.0,Saudi Pro League,38.87,25
Aleksandar Mitrovic,Serbia,31,Al-Rayyan,ST,151.0,Stars League,43.06,30
Dani Ceballos,Spain,29,Free Agent,CM,149.0,-,38.87,25
Mateus Uribe,Colombia,35,Atlético Nacional,CM,149.0,First Division,38.87,25
Luis Suárez,Uruguay,39,Inter Miami,ST,153.0,MLS,47.70,35
Kalidou Koulibaly,Senegal,35,Al-Hilal,CB,151.0,Saudi Pro League,43.06,30
Kurt Zouma,France,31,Free Agent,CB,149.0,-,38.87,25
Sadio Mané,Senegal,34,Al-Nassr,LW,151.0,Saudi Pro League,43.06,30
Édouard Mendy,Senegal,34,Al-Ahli,GK,150.0,Saudi Pro League,40.91,30
Allan Saint-Maximin,France,29,Charlotte FC,LW,152.0,MLS,45.32,30
Presnel Kimpembe,France,30,Al-Kharaitiyat,CB,148.0,Q-League,36.93,25
Konrad Laimer,Austria,29,Bayern Munich,RB,151.0,Bundesliga,43.06,30
Willi Orbán,Hungary,33,RB Leipzig,CB,149.0,Bundesliga,38.87,25
Jonathan Tah,Germany,30,Bayern Munich,CB,149.0,Bundesliga,38.87,25
Conor Gallagher,England,26,Tottenham,CM,148.0,Premier Division,36.93,25
Curtis Jones,England,25,Liverpool,CM,150.0,Premier Division,40.91,30
Noussair Mazraoui,Morocco,28,Manchester United,RB,147.0,Premier Division,35.09,25
Kaoru Mitoma,Japan,29,Brighton,LW,149.0,Premier Division,38.87,25
Matheus Nunes,Portugal,27,Manchester City,CM,152.0,Premier Division,45.32,30
Pascal Groß,Germany,35,Brighton,CM,150.0,Premier Division,40.91,30
Nahuel Molina,Argentina,28,AS Roma,RB,151.0,Serie A,43.06,30
David Neres,Brazil,29,Napoli,RW,148.0,Serie A,36.93,25
Douglas Luiz,Brazil,28,Juventus,CM,148.0,Serie A,36.93,25
Ederson,Brazil,27,Atalanta,CM,151.0,Serie A,43.06,30
Manuel Locatelli,Italy,28,Juventus,CDM,148.0,Serie A,36.93,25
Davide Frattesi,Italy,26,Inter,CM,150.0,Serie A,40.91,30
Takefusa Kubo,Japan,25,Real Sociedad,RW,150.0,First Division,40.91,30
Robin Le Normand,Spain,29,Atletico Madrid,CB,149.0,First Division,38.87,25
Nico Williams,Spain,24,Athletic Bilbao,LW,152.0,First Division,45.32,30
José Giménez,Uruguay,31,Atletico Madrid,CB,149.0,First Division,38.87,25
Alexandr Golovin,Russia,30,AS Monaco,AMF,150.0,Ligue 1 Uber Eats,40.91,30
Edmond Tapsoba,Burkina Faso,27,Bayer Leverkusen,CB,148.0,Bundesliga,36.93,25
Exequiel Palacios,Argentina,27,Bayer Leverkusen,CM,148.0,Bundesliga,36.93,25
Marcel Sabitzer,Austria,32,Borussia Dortmund,CM,148.0,Bundesliga,36.93,25
Pape Matar Sarr,Senegal,23,Tottenham,CM,149.0,Premier Division,38.87,25
Eddie Nketiah,England,27,Crystal Palace,ST,148.0,Premier Division,36.93,25
Emile Smith Rowe,England,25,Fulham,AMF,148.0,Premier Division,36.93,25
Ebere Eze,England,28,Arsenal,AMF,148.0,Premier Division,36.93,25
Jurriën Timber,Netherlands,25,Arsenal,RB,149.0,Premier Division,38.87,25
Axel Disasi,France,28,Chelsea,CB,150.0,Premier Division,40.91,30
Giorgi Mamardashvili,Georgia,25,Liverpool,GK,149.0,Premier Division,38.87,25
Xavi Simons,Netherlands,23,Tottenham,AMF,150.0,Premier Division,40.91,30
Fábio Vieira,Portugal,26,Arsenal,AMF,147.0,Premier Division,35.09,25
Fabian Schär,Switzerland,34,Newcastle United,CB,147.0,Premier Division,35.09,25
Amir Rrahmani,Kosovo,32,Napoli,CB,148.0,Serie A,36.93,25
Trevoh Chalobah,England,27,Como,CB,148.0,Serie A,36.93,25
Alessio Romagnoli,Italy,31,Lazio,CB,148.0,Serie A,36.93,25
Anthony Gordon,England,25,Barcelona,LW,148.0,First Division,36.93,25
Carlos Soler,Spain,29,Real Sociedad,CM,148.0,First Division,36.93,25
Dani Vivian,Spain,27,Athletic Bilbao,CB,150.0,First Division,40.91,30
Oihan Sancet,Spain,26,Athletic Bilbao,AMF,150.0,First Division,40.91,30
Thomas Lemar,France,30,Atletico Madrid,CM,147.0,First Division,35.09,25
Loïs Openda,Belgium,26,Lyon,ST,148.0,Ligue 1 Uber Eats,36.93,25
Warren Zaïre-Emery,France,20,PSG,CM,148.0,Ligue 1 Uber Eats,36.93,25
Martin Terrier,France,29,Bayer Leverkusen,LW,148.0,Bundesliga,36.93,25
Emre Can,Germany,32,Borussia Dortmund,CDM,147.0,Bundesliga,35.09,25
Nicolas Jackson,Senegal,25,Chelsea,ST,149.0,Premier Division,38.87,25
Xaver Schlager,Austria,28,Nottingham Forest,CM,149.0,Premier Division,38.87,25
Youri Tielemans,Belgium,29,Manchester United,CM,147.0,Premier Division,35.09,25
Joachim Andersen,Denmark,30,Fulham,CB,147.0,Premier Division,35.09,25
Reiss Nelson,England,26,Arsenal,RW,148.0,Premier Division,36.93,25
Nick Pope,England,34,Newcastle United,GK,147.0,Premier Division,35.09,25
Ezri Konsa,England,28,Aston Villa,CB,147.0,Premier Division,35.09,25
Harvey Elliott,England,23,Liverpool,RW,148.0,Premier Division,36.93,25
Joshua Zirkzee,Netherlands,25,Manchester United,ST,148.0,Premier Division,36.93,25
Jan Paul van Hecke,Netherlands,26,Tottenham,CB,149.0,Premier Division,38.87,25
Micky van de Ven,Netherlands,25,Tottenham,CB,148.0,Premier Division,36.93,25
Boubacar Kamara,France,26,Aston Villa,CDM,148.0,Premier Division,36.93,25
Benoît Badiashile,France,25,Chelsea,CB,151.0,Premier Division,43.06,30
Charles De Ketelaere,Belgium,25,Atalanta,ST,148.0,Serie A,36.93,25
Albert Guðmundsson,Iceland,29,Fiorentina,ST,147.0,Serie A,35.09,25
Gianluca Mancini,Italy,30,AS Roma,CB,147.0,Serie A,35.09,25
Lorenzo Pellegrini,Italy,30,AS Roma,AMF,146.0,Serie A,33.34,25
Morten Hjulmand,Denmark,27,Atletico Madrid,CDM,147.0,First Division,35.09,25
Lutsharel Geertruida,Netherlands,25,RB Leipzig,RB,147.0,Bundesliga,35.09,25
Lucas Vázquez,Spain,35,Bayer Leverkusen,RB,149.0,Bundesliga,38.87,25
Reinildo,Mozambique,32,Sunderland,LB,147.0,Premier Division,35.09,25
Evanilson,Brazil,26,Bournemouth,ST,145.0,Premier Division,31.67,20
Danny Welbeck,England,35,Chelsea,ST,148.0,Premier Division,36.93,25
Jeremie Frimpong,Netherlands,25,Liverpool,RB,149.0,Premier Division,38.87,25
Ollie Watkins,England,30,Aston Villa,ST,149.0,Premier Division,38.87,25
Destiny Udogie,Italy,23,Tottenham,LB,148.0,Premier Division,36.93,25
Hidemasa Morita,Japan,31,Hull City,CM,146.0,Premier Division,33.34,25
Carlos Augusto,Brazil,27,Inter,LB,147.0,Serie A,35.09,25
Marten de Roon,Netherlands,35,Atalanta,CDM,148.0,Serie A,36.93,25
Federico Gatti,Italy,28,Juventus,CB,148.0,Serie A,36.93,25
Lewis Ferguson,Scotland,26,Bologna,CM,146.0,Serie A,33.34,25
Weston McKennie,U.S.A.,27,Juventus,CM,147.0,Serie A,35.09,25
Andriy Lunin,Ukraine,27,Real Madrid,GK,146.0,First Division,33.34,25
Breel Embolo,Switzerland,29,Rennes,ST,147.0,Ligue 1 Uber Eats,35.09,25
Edin Džeko,Bosnia & Herzegovina,40,Schalke 04,ST,148.0,Bundesliga,36.93,25
Patrik Schick,Czechia,30,Bayer Leverkusen,ST,145.0,Bundesliga,31.67,20
Victor Boniface,Nigeria,25,Bayer Leverkusen,ST,149.0,Bundesliga,38.87,25
Benjamin Henrichs,Germany,29,RB Leipzig,RB,146.0,Bundesliga,33.34,25
Nico Schlotterbeck,Germany,26,Borussia Dortmund,CB,148.0,Bundesliga,36.93,25
Jason Steele,England,35,Brighton,GK,145.0,Premier Division,31.67,20
Leon Bailey,Jamaica,28,Aston Villa,RW,146.0,Premier Division,33.34,25
Richarlison,Brazil,29,Tottenham,ST,146.0,Premier Division,33.34,25
Jordan Henderson,England,36,Chelsea,CM,147.0,Premier Division,35.09,25
Harry Maguire,England,33,Manchester United,CB,146.0,Premier Division,33.34,25
Joe Willock,England,26,Newcastle United,CM,146.0,Premier Division,33.34,25
Tyrone Mings,England,33,Aston Villa,CB,147.0,Premier Division,35.09,25
Rico Henry,England,29,Brentford,LB,146.0,Premier Division,33.34,25
Ibrahim Sangaré,Ivory Coast,28,Nottingham Forest,CDM,148.0,Premier Division,36.93,25
Bernd Leno,Germany,34,Fulham,GK,146.0,Premier Division,33.34,25
Noa Lang,Netherlands,27,Napoli,LW,145.0,Serie A,31.67,20
Donyell Malen,Netherlands,27,AS Roma,RW,146.0,Serie A,33.34,25
Riccardo Orsolini,Italy,29,Bologna,RW,147.0,Serie A,35.09,25
Nicolò Zaniolo,Italy,27,Udinese,RW,145.0,Serie A,31.67,20
Giacomo Raspadori,Italy,26,Atalanta,ST,146.0,Serie A,33.34,25
Giorgio Scalvini,Italy,22,Atalanta,CB,144.0,Serie A,30.09,20
Arkadiusz Milik,Poland,32,Juventus,ST,146.0,Serie A,33.34,25
Juan Foyth,Argentina,28,Villarreal,RB,146.0,First Division,33.34,25
Denis Suárez,Spain,32,Alavés,CM,146.0,First Division,33.34,25
Marc Cucurella,Spain,27,Real Madrid,LB,149.0,First Division,38.87,25
Ander Barrenetxea,Spain,24,Real Sociedad,LW,148.0,First Division,36.93,25
Geoffrey Kondogbia,Central African Rep.,33,Marseille,CDM,148.0,Ligue 1 Uber Eats,36.93,25
Jonathan Clauss,France,33,OGC Nice,RB,148.0,Ligue 1 Uber Eats,36.93,25
Kevin Kampl,Slovenia,35,RB Leipzig,CM,149.0,Bundesliga,38.87,25
Cheick Doucouré,Mali,26,Crystal Palace,CDM,145.0,Premier Division,31.67,20
Igor,Brazil,28,Brighton,CB,146.0,Premier Division,33.34,25
Matheus Cunha,Brazil,27,Manchester United,ST,145.0,Premier Division,31.67,20
João Pedro,Brazil,24,Chelsea,ST,147.0,Premier Division,35.09,25
Christian Nørgaard,Denmark,32,Everton,CDM,144.0,Premier Division,30.09,20
Bryan Mbeumo,Cameroon,26,Manchester United,RW,146.0,Premier Division,33.34,25
Nikola Milenkovic,Serbia,28,Nottingham Forest,CB,144.0,Premier Division,30.09,20
Diogo Dalot,Portugal,27,Manchester United,RB,146.0,Premier Division,33.34,25
Malick Thiaw,Germany,24,Newcastle United,CB,148.0,Premier Division,36.93,25
Alejandro Garnacho,Argentina,22,Aston Villa,LW,148.0,Premier Division,36.93,25
Rico Lewis,England,21,Manchester City,RB,147.0,Premier Division,35.09,25
Jonathan David,Canada,26,Juventus,ST,146.0,Serie A,33.34,25
Arthur,Brazil,29,Juventus,CM,146.0,Serie A,33.34,25
Nemanja Matic,Serbia,37,Sassuolo,CDM,145.0,Serie A,31.67,20
David De Gea,Spain,35,Fiorentina,GK,145.0,Serie A,31.67,20
Mario Hermoso,Spain,31,AS Roma,CB,145.0,Serie A,31.67,20
Alfonso Pedraza,Spain,30,Lazio,LB,145.0,Serie A,31.67,20
Lazar Samardžic,Serbia,24,Atalanta,AMF,146.0,Serie A,33.34,25
Marcão,Brazil,30,Sevilla,CB,145.0,First Division,31.67,20
Eric García,Spain,25,Barcelona,CB,144.0,First Division,30.09,20
Borja Iglesias,Spain,33,Celta Vigo,ST,145.0,First Division,31.67,20
Kang-In Lee,South Korea,25,Atletico Madrid,RW,145.0,First Division,31.67,20
Ramy Bensebaïni,Algeria,31,Borussia Dortmund,LB,143.0,Bundesliga,28.59,20
Andrej Kramaric,Croatia,35,TSG Hoffenheim,ST,145.0,Bundesliga,31.67,20
Julian Ryerson,Norway,28,Borussia Dortmund,RB,146.0,Bundesliga,33.34,25
Aleix García,Spain,29,Bayer Leverkusen,CM,144.0,Bundesliga,30.09,20
Ellyes Skhiri,Tunisia,31,Eintracht Frankfurt,CDM,143.0,Bundesliga,28.59,20
Matthias Ginter,Germany,32,SC Freiburg,CB,143.0,Bundesliga,28.59,20
Lukas Klostermann,Germany,30,RB Leipzig,CB,147.0,Bundesliga,35.09,25
David Raum,Germany,28,RB Leipzig,LB,144.0,Bundesliga,30.09,20
Tammy Abraham,England,28,Aston Villa,ST,143.0,Premier Division,28.59,20
Brennan Johnson,Wales,25,Everton,RW,144.0,Premier Division,30.09,20
Wataru Endo,Japan,33,Liverpool,CDM,144.0,Premier Division,30.09,20
Emiliano Buendía,Argentina,29,Aston Villa,AMF,143.0,Premier Division,28.59,20
António Silva,Portugal,22,Bournemouth,CB,144.0,Premier Division,30.09,20
Edon Zhegrova,Kosovo,27,Juventus,RW,144.0,Serie A,30.09,20
Justin Bijlow,Netherlands,28,Genoa,GK,144.0,Serie A,30.09,20
Gianluca Scamacca,Italy,27,Atalanta,ST,145.0,Serie A,31.67,20
Alessandro Buongiorno,Italy,27,Napoli,CB,146.0,Serie A,33.34,25
Andrea Cambiaso,Italy,26,Juventus,RB,144.0,Serie A,30.09,20
Evan N'Dicka,Ivory Coast,26,AS Roma,CB,146.0,Serie A,33.34,25
Khephren Thuram,France,25,Juventus,CM,144.0,Serie A,30.09,20
Youssouf Fofana,France,27,AC Milan,CM,144.0,Serie A,30.09,20
Billy Gilmour,Scotland,25,Napoli,CM,144.0,Serie A,30.09,20
Arnaut Danjuma,Netherlands,29,Valencia,LW,145.0,First Division,31.67,20
Alexander Sørloth,Norway,30,Atletico Madrid,ST,146.0,First Division,33.34,25
Marcos Alonso,Spain,35,Celta Vigo,LB,144.0,First Division,30.09,20
Álvaro García,Spain,33,Rayo Vallecano,LW,145.0,First Division,31.67,20
Carles Pérez,Spain,28,Celta Vigo,RW,145.0,First Division,31.67,20
Igor Zubeldia,Spain,29,Real Sociedad,CB,145.0,First Division,31.67,20
Álex Baena,Spain,24,Atletico Madrid,AMF,145.0,First Division,31.67,20
Yangel Herrera,Venezuela,28,Real Sociedad,CM,144.0,First Division,30.09,20
Amadou Haïdara,Mali,28,RC Lens,CM,146.0,Ligue 1 Uber Eats,33.34,25
Bradley Barcola,France,23,PSG,LW,146.0,Ligue 1 Uber Eats,33.34,25
Mario Götze,Germany,34,Eintracht Frankfurt,AMF,144.0,Bundesliga,30.09,20
Robin Gosens,Germany,32,Schalke 04,LB,144.0,Bundesliga,30.09,20
Eljif Elmas,North Macedonia,26,RB Leipzig,AMF,144.0,Bundesliga,30.09,20
Vincenzo Grifo,Italy,33,SC Freiburg,LW,143.0,Bundesliga,28.59,20
Deniz Undav,Germany,29,VfB Stuttgart,ST,143.0,Bundesliga,28.59,20
Lucas Perri,Brazil,28,Leeds United,GK,144.0,Premier Division,30.09,20
Mathias Jensen,Denmark,30,Brentford,CM,144.0,Premier Division,30.09,20
Robert Sánchez,Spain,28,Chelsea,GK,142.0,Premier Division,27.16,20
Nordi Mukiele,France,28,Sunderland,RB,145.0,Premier Division,31.67,20
Yeremy Pino,Spain,23,Crystal Palace,RW,144.0,Premier Division,30.09,20
Tyler Adams,U.S.A.,27,Bournemouth,CDM,143.0,Premier Division,28.59,20
Victor Lindelöf,Sweden,31,Aston Villa,CB,143.0,Premier Division,28.59,20
Ousmane Diomande,Ivory Coast,22,Nottingham Forest,CB,144.0,Premier Division,30.09,20
Leonardo Spinazzola,Italy,33,Napoli,LB,144.0,Serie A,30.09,20
Nicolò Fagioli,Italy,25,Fiorentina,CM,143.0,Serie A,28.59,20
Pierre Kalulu,France,26,Juventus,CB,142.0,Serie A,27.16,20
Adam Marušic,Montenegro,33,Lazio,RB,146.0,Serie A,33.34,25
Patric,Spain,33,Lazio,CB,142.0,Serie A,27.16,20
Samuel Chukwueze,Nigeria,27,AC Milan,RW,146.0,Serie A,33.34,25
Mathías Olivera,Uruguay,28,Napoli,LB,142.0,Serie A,27.16,20
João Mário,Portugal,26,Fiorentina,CM,144.0,Serie A,30.09,20
Sead Kolašinac,Bosnia & Herzegovina,33,Atalanta,CB,143.0,Serie A,28.59,20
Karim Adeyemi,Germany,24,Barcelona,LW,146.0,First Division,33.34,25
Umar Sadiq,Nigeria,29,Valencia,ST,144.0,First Division,30.09,20
Matteo Ruggeri,Italy,24,Atletico Madrid,LB,144.0,First Division,30.09,20
Mouctar Diakhaby,Guinea,29,Valencia,CB,144.0,First Division,30.09,20
Dávid Hancko,Slovakia,28,Atletico Madrid,CB,143.0,First Division,28.59,20
David Soria,Spain,33,Getafe,GK,144.0,First Division,30.09,20
Ayoze Pérez,Spain,32,Villarreal,LW,145.0,First Division,31.67,20
Javi Galán,Spain,31,Celta Vigo,LB,144.0,First Division,30.09,20
Brice Samba,France,32,Rennes,GK,145.0,Ligue 1 Uber Eats,31.67,20
Denis Zakaria,Switzerland,29,AS Monaco,CDM,146.0,Ligue 1 Uber Eats,33.34,25
Facundo Medina,Argentina,27,Bayer Leverkusen,CB,145.0,Bundesliga,31.67,20
Ross Barkley,England,32,Aston Villa,CM,143.0,Premier Division,28.59,20
Levi Colwill,England,23,Chelsea,CB,148.0,Premier Division,36.93,25
Dominic Solanke,England,28,Tottenham,ST,142.0,Premier Division,27.16,20
Jacob Ramsey,England,25,Newcastle United,CM,144.0,Premier Division,30.09,20
Ryan Gravenberch,Netherlands,24,Liverpool,CM,142.0,Premier Division,27.16,20
Ðorde Petrovic,Serbia,26,Bournemouth,GK,145.0,Premier Division,31.67,20
Kepa Arrizabalaga,Spain,31,Arsenal,GK,143.0,Premier Division,28.59,20
Jorge Cuenca,Spain,26,Fulham,CB,142.0,Premier Division,27.16,20
Sávio,Brazil,22,Manchester City,LW,145.0,Premier Division,31.67,20
Myles Lewis-Skelly,England,19,Arsenal,CM,143.0,Premier Division,28.59,20
Mario Pašalic,Croatia,31,Atalanta,CM,142.0,Serie A,27.16,20
Nikola Vlašic,Croatia,28,Torino,AMF,142.0,Serie A,27.16,20
Jérémie Boga,Ivory Coast,29,Juventus,LW,143.0,Serie A,28.59,20
Scott McTominay,Scotland,29,Napoli,CM,145.0,Serie A,31.67,20
Cristiano Biraghi,Italy,33,Torino,LB,144.0,Serie A,30.09,20
Nicolò Rovella,Italy,24,Lazio,CDM,142.0,Serie A,27.16,20
Santiago Giménez,Mexico,25,AC Milan,ST,144.0,Serie A,30.09,20
Antony,Brazil,26,Real Betis,RW,142.0,First Division,27.16,20
Héctor Bellerín,Spain,31,Real Betis,RB,142.0,First Division,27.16,20
Gonçalo Guedes,Portugal,29,Real Sociedad,ST,143.0,First Division,28.59,20
Marc Roca,Spain,29,Real Betis,CM,143.0,First Division,28.59,20
Rodrigo Riquelme,Spain,26,Real Betis,LW,143.0,First Division,28.59,20
Terem Moffi,Nigeria,27,OGC Nice,ST,144.0,Ligue 1 Uber Eats,30.09,20
Lucas Digne,France,32,PSG,LB,145.0,Ligue 1 Uber Eats,31.67,20
Valentin Rongier,France,31,Rennes,CM,142.0,Ligue 1 Uber Eats,27.16,20
Philipp Lienhart,Austria,30,SC Freiburg,CB,142.0,Bundesliga,27.16,20
Christoph Baumgartner,Austria,26,RB Leipzig,AMF,141.0,Bundesliga,25.81,20
Felix Nmecha,Germany,25,Borussia Dortmund,CM,143.0,Bundesliga,28.59,20
Sacha Boey,France,25,Bayern Munich,RB,142.0,Bundesliga,27.16,20
Robert Andrich,Germany,31,Bayer Leverkusen,CDM,143.0,Bundesliga,28.59,20
Walter Benítez,Argentina,33,Crystal Palace,GK,142.0,Premier Division,27.16,20
Ben Davies,Wales,33,Tottenham,CB,141.0,Premier Division,25.81,20
Harvey Barnes,England,28,Newcastle United,LW,143.0,Premier Division,28.59,20
Callum Hudson-Odoi,England,25,Nottingham Forest,LW,144.0,Premier Division,30.09,20
Cole Palmer,England,24,Chelsea,AMF,148.0,Premier Division,36.93,25
Tino Livramento,England,23,Newcastle United,RB,141.0,Premier Division,25.81,20
James Tarkowski,England,33,Everton,CB,143.0,Premier Division,28.59,20
Dan Burn,England,34,Newcastle United,CB,145.0,Premier Division,31.67,20
Kenny Tete,Netherlands,30,Fulham,RB,141.0,Premier Division,25.81,20
Justin Kluivert,Netherlands,27,Bournemouth,LW,141.0,Premier Division,25.81,20
Ferdi Kadioglu,Türkiye,26,Brighton,LB,143.0,Premier Division,28.59,20
Daichi Kamada,Japan,29,Crystal Palace,AMF,145.0,Premier Division,31.67,20
Kristoffer Ajer,Norway,28,Brentford,CB,141.0,Premier Division,25.81,20
Aaron Hickey,Scotland,24,Brentford,RB,145.0,Premier Division,31.67,20
Florentino Luís,Portugal,26,Ipswich Town,CDM,142.0,Premier Division,27.16,20
Beto,Guinea-Bissau,28,Everton,ST,142.0,Premier Division,27.16,20
Kevin Danso,Austria,27,Tottenham,CB,142.0,Premier Division,27.16,20
Noah Okafor,Switzerland,26,Leeds United,ST,142.0,Premier Division,27.16,20
Giovanni Simeone,Argentina,31,Torino,ST,143.0,Serie A,28.59,20
Alexis Saelemaekers,Belgium,27,AC Milan,RW,141.0,Serie A,25.81,20
Rasmus Højlund,Denmark,23,Napoli,ST,143.0,Serie A,28.59,20
Davide Zappacosta,Italy,34,Atalanta,RB,142.0,Serie A,27.16,20
Alfred Duncan,Ghana,33,Venezia,CM,142.0,Serie A,27.16,20
Federico Bernardeschi,Italy,32,Bologna,RW,144.0,Serie A,30.09,20
Michele Di Gregorio,Italy,28,Juventus,GK,142.0,Serie A,27.16,20
Andrea Colpani,Italy,27,Monza,RW,141.0,Serie A,25.81,20
Moise Kean,Italy,26,Fiorentina,ST,144.0,Serie A,30.09,20
Ivan Ilic,Serbia,25,Torino,CM,142.0,Serie A,27.16,20
Duván Zapata,Colombia,35,Torino,ST,145.0,Serie A,31.67,20
Jesper Karlsson,Sweden,27,Bologna,LW,142.0,Serie A,27.16,20
Odilon Kossounou,Ivory Coast,25,Atalanta,CB,142.0,Serie A,27.16,20
Giovani Lo Celso,Argentina,30,Real Betis,AMF,143.0,First Division,28.59,20
Luiz Felipe,Italy,29,Rayo Vallecano,CB,141.0,First Division,25.81,20
Diego Llorente,Spain,32,Real Betis,CB,142.0,First Division,27.16,20
Yuri,Spain,36,Athletic Bilbao,LB,142.0,First Division,27.16,20
Íñigo Ruiz de Galarreta,Spain,32,Athletic Bilbao,CM,144.0,First Division,30.09,20
Alejandro Catena,Spain,31,Osasuna,CB,141.0,First Division,25.81,20
Borja Mayoral,Spain,29,Getafe,ST,143.0,First Division,28.59,20
Santi Comesaña,Spain,29,Villarreal,CM,142.0,First Division,27.16,20
Álvaro Fidalgo,Spain,29,Real Betis,CM,144.0,First Division,30.09,20
Enes Ünal,Türkiye,29,Getafe,ST,142.0,First Division,27.16,20
Matías Vecino,Uruguay,34,Celta Vigo,CM,142.0,First Division,27.16,20
Javi Guerra,Spain,23,Valencia,CM,143.0,First Division,28.59,20
Nayef Aguerd,Morocco,30,Marseille,CB,143.0,Ligue 1 Uber Eats,28.59,20
Kevin Trapp,Germany,36,Paris FC,GK,146.0,Ligue 1 Uber Eats,33.34,25
Takumi Minamino,Japan,31,AS Monaco,AMF,143.0,Ligue 1 Uber Eats,28.59,20
Renato Sanches,Portugal,28,PSG,CM,144.0,Ligue 1 Uber Eats,30.09,20
Séko Fofana,Ivory Coast,31,Rennes,CM,143.0,Ligue 1 Uber Eats,28.59,20
Ludovic Blas,France,28,Rennes,RW,143.0,Ligue 1 Uber Eats,28.59,20
Sebastian Szymanski,Poland,27,Rennes,AMF,145.0,Ligue 1 Uber Eats,31.67,20
