title,link,price,,
Hatıralar Bahçesinde Buluşma,https://kultur.istanbul/etkinlik/hatiralar-bahcesinde-bulusma/,0,,
Harbiye Açık Hava etkinlikleri,https://kultur.istanbul/etkinlik/harbiye-acik-hava-etkinlikleri/,,,
Park Of İstanbul - Hayvanat Bahçesi ve Serpme Kahvaltı,https://www.bubilet.com.tr/istanbul/etkinlik/park-of-istanbul-hayvanat-bahcesi-ve-serpme-kahvalti-,450,,
Eser Diamond Aquapark,https://www.bubilet.com.tr/istanbul/etkinlik/eser-diamond-aquapark,499,,
İstanbul Workshops Boğazda Kano Deneyimi - Kız Kulesi'ne Kürek Çek,https://www.bubilet.com.tr/istanbul/etkinlik/istanbul-workshops-bogazda-kano-deneyimi-kiz-kulesine-kurek-cek,1125,,
İstanbul Workshops Parfüm Atölyesi,https://www.bubilet.com.tr/istanbul/etkinlik/istanbul-workshops-parfum-atolyesi,1100,,
İstanbul Workshops Mozaik Lamba Atölyesi,https://www.bubilet.com.tr/istanbul/etkinlik/istanbul-workshops-mozaik-lamba-atolyesi,1400,,
İstanbul Workshops Hat Sanatı Atölyesi,https://www.bubilet.com.tr/istanbul/etkinlik/istanbul-workshops-hat-sanati-atolyesi,1790,,
İstanbul Workshops Çini Atölyesi,https://www.bubilet.com.tr/istanbul/etkinlik/istanbul-workshops-cini-atolyesi,1790,,
Pirinç Çerçeveli Cam Üzerine Hat/Kaligrafi Sanatı Atölyesi,https://biletinial.com/tr-tr/egitim/pirinc-cerceveli-cam-uzerine-hat-kaligrafi-sanati-atolyesi,1790,,
Türk Çini Resim Sanatı Atölyesi,https://biletinial.com/tr-tr/egitim/turk-cini-resim-sanati-atolyesi,1790,,
Vitray Atölyesi,https://biletinial.com/tr-tr/egitim/vitray-atolyesi,1100,,
Tezhip Atölyesi,https://biletinial.com/tr-tr/egitim/tezhip-atolyesi,1790,,
Selimpaşa Premier Vista Hotel’de Günübirlik Havuz,https://www.bubilet.com.tr/istanbul/etkinlik/selimpasa-premier-vista-hotelde-gunubirlik-havuz-,429,,
Emaar SkyView ve SkyWalk,https://www.bubilet.com.tr/istanbul/etkinlik/emaar-skyview-ve-skywalk,789,,
Kumburgaz Respiro Park Aquapark,https://www.bubilet.com.tr/istanbul/etkinlik/kumburgaz-respiro-park-aquapark,649,,
Emaar Akvaryum & Sualtı Hayvanat Bahçesi,https://www.bubilet.com.tr/istanbul/etkinlik/emaar-akvaryum-sualti-hayvanat-bahcesi,679,,
Mozaik Lamba Atölyesi – Ayasofya Karşısında Film Gösterimli,https://www.bubilet.com.tr/istanbul/etkinlik/mozaik-lamba-atolyesi-ayasofya-karsisinda-film-gosterimli,,,
Anka Workshop: Heykel Workshop - Sid Heykeli,https://www.bubilet.com.tr/istanbul/etkinlik/anka-workshop-heykel-workshop-sid-heykeli,,,
Parfüm Tasarımı Atölyesi,https://biletinial.com/tr-tr/egitim/parfum-tasarimi-atolyesi,1200,,
Mozaik Lamba Atölyesi – Ayasofya Karşısında Film Gösterimli,https://biletinial.com/tr-tr/etkinlik/mozaik-lamba-atolyesi-ayasofya-karsisinda-film-gosterimli,1045,,
Sid (Heykel),https://biletinial.com/tr-tr/egitim/sid-heykel-anka,600,,
“Dün ile Bugün”,https://kultur.istanbul/etkinlik/dun-ile-bugun/,,,
Karanlıkta Diyalog,https://www.biletix.com/etkinlik/5Q378/TURKIYE/tr,995,,
Parfüm Atölyesi – Film Gösterimi ve Sufi Ritim & Nefes Deneyimi,https://www.bubilet.com.tr/istanbul/etkinlik/parfum-atolyesi-film-gosterimi-ve-sufi-ritim-nefes-deneyimi,,,
Parfüm Atölyesi – Film Gösterimi ve Sufi Ritim & Nefes Deneyimi,https://biletinial.com/tr-tr/etkinlik/parfum-atolyesi-film-gosterimi-ve-sufi-ritim-nefes-deneyimi,1045,,
Sessizlikte Diyalog,https://www.biletix.com/etkinlik/5Q415/TURKIYE/tr,995,,
İstanbul Workshops Deri İşçiliği Atölyesi,https://www.bubilet.com.tr/istanbul/etkinlik/istanbul-workshops-deri-isciligi-atolyesi,2050,,
İstanbul Workshops Ebru ile Bez Çanta Tasarım Atölyesi,https://www.bubilet.com.tr/istanbul/etkinlik/istanbul-workshops-ebru-ile-bez-canta-tasarim-atolyesi,1750,,
Ay Tütsü (Heykel),https://biletinial.com/tr-tr/egitim/ay-tutsu-heykel,600,,
Ebru ile Bez Çanta Tasarım Atölyesi,https://biletinial.com/tr-tr/egitim/ebru-ile-bez-canta-tasarim-atolyesi,1750,,
Heykel Yapım Atölyesi,https://biletinial.com/tr-tr/muzik/heykel-yapim-atolyesi-akm,350.01,,
Deri İşçiliği Atölyesi,https://biletinial.com/tr-tr/egitim/deri-isciligi-atolyesi,2050,,
Leonardo Da Vinci: Yapay Zekâ Işığın Bilgeliği / Cern’den Nasa’ya İnsanlık ve Metaverse,https://biletinial.com/tr-tr/etkinlik/leonardo-da-vinci-yapay-zeka-isigin-bilgeligi-cernden-nasaya-insanlik-ve-metaverse,385,,
Düşler Zamanı: Japonya,https://kultur.istanbul/etkinlik/dusler-zamani-japonya/,,,
Ev Yapımı Lazanya Bolonez,https://www.biletix.com/etkinlik/5ZY22/TURKIYE/tr,3500,,
İstanbul Dolphinarium Yunus Gösteri Merkezi,https://www.bubilet.com.tr/istanbul/etkinlik/istanbul-dolphinarium-yunus-gosteri-merkezi,899,,
Anka Workshop: Heykel Workshop - Şişman Kedi Heykeli,https://www.bubilet.com.tr/istanbul/etkinlik/anka-workshop-heykel-workshop-sisman-kedi-heykeli,,,
Şişman Kedi (Heykel),https://biletinial.com/tr-tr/egitim/sisman-kedi-heykel-anka,600,,
İstanbul Dolphinarium Yunus Gösterileri,https://www.biletix.com/etkinlik/5D120/TURKIYE/tr,859,,
Ebru Atölyesi Yaş Grubu:7-11,https://biletinial.com/tr-tr/muzik/ebru-atolyesi-yas-grubu-7-11-akm,350.01,,
Şarap & Peynir Eşleşme Deneyimi,https://biletinial.com/tr-tr/etkinlik/sarap-peynir-eslesme-deneyimi,6990,,
Tarifname Temel Pastacılık Eğitimi,https://www.biletix.com/etkinlik/5G373/TURKIYE/tr,27045.5,,
Anka Workshop: Heykel Workshop - Totoro Saksı Heykeli,https://www.bubilet.com.tr/istanbul/etkinlik/anka-workshop-heykel-workshop-totoro-saksi-heykeli,,,
Totoro Saksı (Heykel),https://biletinial.com/tr-tr/egitim/totoro-saksi-anka,600,,
Antigone Masalı,https://biletinial.com/tr-tr/tiyatro/antigone-masali,168,,
Veronica Ölmek İstiyor,https://biletinial.com/tr-tr/tiyatro/veronica-olmek-istiyor-sempati,448,,
Veronika Ölmek İstiyor,https://www.biletix.com/etkinlik/5R090/TURKIYE/tr,205,,
Anka Workshop: Heykel Workshop - Tütsü Kurbağa Heykeli,https://www.bubilet.com.tr/istanbul/etkinlik/anka-workshop-heykel-workshop-tutsu-kurbaga-heykeli,,,
Kütüphanedeki Ceset,https://biletinial.com/tr-tr/tiyatro/kutuphanedeki-ceset,400,,
Gece Yarısı Kütüphanesi,https://biletinial.com/tr-tr/tiyatro/gece-yarisi-kutuphanesi-sempati,336,,
İstanbul Sinema Müzesi,https://biletinial.com/tr-tr/egitim/istanbul-sinema-muzesi,200,,
James Cameron Sanatı Sergisi,https://biletinial.com/tr-tr/egitim/james-cameron-sanati-sergisi,560,,
Aqua ve Ocakbaşı Romantik Akşam Yemeği Paketi,https://biletinial.com/tr-tr/etkinlik/aqua-ve-ocakbasi-romantik-aksam-yemegi-paketi,13950,,
Boğaz'da Kano Deneyimi - Kız Kulesi'ne Kürek Çek,https://biletinial.com/tr-tr/egitim/bogazda-kano-deneyimi-kiz-kulesine-kurek-cek,1041,,
"Mozzarella ve Taze İtalyan Peynirleri
",https://www.biletix.com/etkinlik/5ZY34/TURKIYE/tr,3500,,
Kuyucaklı Yusuf Muazzez,https://biletinial.com/tr-tr/tiyatro/kuyucakli-yusuf-muazzez,200,,
"Kemal Akçay İle ""Gözleri Tamamen Kapalı"" Film Analizi Atölyesi",https://biletinial.com/tr-tr/egitim/kemal-akcay-ile-gozleri-tamamen-kapali-film-analizi-atolyesi,560,,
Algernon'a Çiçekler,https://biletinial.com/tr-tr/tiyatro/algernona-cicekler,168,,
Kuyucaklı Yusuf Muazzez,https://www.biletix.com/etkinlik/5R098/TURKIYE/tr,205,,
Mamma Mia! Quiz Night & After Party,https://www.bubilet.com.tr/istanbul/etkinlik/mamma-mia-quiz-night,335,,
Medcezir Quiz Night,https://www.bubilet.com.tr/istanbul/etkinlik/medcezir-quiz-night,335,,
Anka Workshop: Heykel Workshop - Baby Yoda Heykeli,https://www.bubilet.com.tr/istanbul/etkinlik/anka-workshop-heykel-workshop-baby-yoda-heykeli,,,
Trivia Night: Questions in English & Turkish,https://biletinial.com/tr-tr/tiyatro/trivia-night-questions-in-english-turkish-,200,,
Baby Yoda (Heykel),https://biletinial.com/tr-tr/egitim/baby-yoda-anka-heykel,600,,
Sırt Sırta Stand-Up,https://biletinial.com/tr-tr/tiyatro/sirt-sirta-stand-up,336,,
Kadıköy Stand-up Gecesi - Boğaziçi Komedi Kulübü,https://biletinial.com/tr-tr/tiyatro/bogazici-komedi-kulubu-kadikoy-stand-up-gecesi,336,,
Doç.Dr.Ebru Nalan Sülün ile Bir Dehanın İzinde Leonardo Da Vinci,https://biletinial.com/tr-tr/egitim/docdrebru-nalan-sulun-ile-bir-dehanin-izinde-leonardo-da-vinci,2240,,
Yakup Güner,https://biletinial.com/tr-tr/muzik/yakup-guner,250,,
Boğaziçi Komedi Kulübü - Kadıköy Stand-up Gecesi,https://www.bubilet.com.tr/istanbul/etkinlik/bogazici-komedi-kulubu-kadikoy-stand-up-gecesi,300,,
Sırt Sırta Stand-up - Boğaziçi Komedi Kulübü,https://www.bubilet.com.tr/istanbul/etkinlik/sirt-sirta-stand-up-bogazici-komedi-kulubu,300,,
Trivia Night - Temmuz Etkinlikleri,https://www.biletix.com/etkinlik/5SPHJ/TURKIYE/tr,250,,
Bu Gece Boğazdayız,https://biletinial.com/tr-tr/etkinlik/bu-gece-bogazdayiz,1750,,
Baturay Özdemir Stand Up,https://www.bubilet.com.tr/istanbul/etkinlik/baturay-ozdemir-stand-up,,,
Kadıköy Stand up Gecesi Salı Açık Mikrofon,https://www.bubilet.com.tr/istanbul/etkinlik/kadikoy-stand-up-gecesi-sali-acik-mikrofon-,200,,
Kadıköy Stand Up Gecesi Açık Mikrofon,https://biletinial.com/tr-tr/tiyatro/kadikoy-stand-up-gecesi-acik-mikrofon,200,,
Hizmetçiler,https://biletinial.com/tr-tr/tiyatro/hizmetciler,554,,
Bir İdam Mahkumunun Son Günü,https://biletinial.com/tr-tr/tiyatro/bir-idam-mahkumunun-son-gunu-sempati,336,,
Bir Delinin Hatıra Defteri Metin Zakoğlu,https://biletinial.com/tr-tr/tiyatro/bir-delinin-hd-doruk-tytr,329,,
Yemek Masası Kabaresi,https://biletinial.com/tr-tr/tiyatro/metin-zakoglu-ile-yemek-masasinda-kabare,,,
Baturay Özdemir - Stand Up,https://www.biletix.com/etkinlik/5OR26/TURKIYE/tr,1000,,
Kadıköy Açık Mikrofon Stand Up,https://biletinial.com/tr-tr/tiyatro/kadikoy-acik-mikrofon-stand-up,150,,
Nilüfer - Senfonik Geceler,https://www.bubilet.com.tr/istanbul/etkinlik/nilufer-senfonik-geceler,2520,,
Etekler ve Pantolonlar Oyunu,https://www.bubilet.com.tr/istanbul/etkinlik/etekler-ve-pantolonlar-oyunu,618.75,,
Zengin Mutfağı,https://www.bubilet.com.tr/istanbul/etkinlik/zengin-mutfagi-,880,,
Egemen Akkol,https://www.bubilet.com.tr/istanbul/etkinlik/egemen-akkol-,280,,
Nilüfer Senfonik Geceler,https://biletinial.com/tr-tr/muzik/nilufer-senfonik-geceler,1678.6,,
Zengin Mutfağı,https://biletinial.com/tr-tr/tiyatro/zengin-mutfagi-bkm,1210,,
Etekler ve Pantolonlar,https://biletinial.com/tr-tr/tiyatro/etekler-ve-pantolonlar,1315,,
Selvi Boylum Al Yazmalım,https://biletinial.com/tr-tr/etkinlik/selvi-boylum-al-yazmalim-film,1050,,
İstanbul Tatları - Tadım Sineması,https://biletinial.com/tr-tr/etkinlik/istanbul-tatlari-tadim-sinemasi,777.25,,
TV+ Açık Hava Sinema Geceleri – DJ AHMET,https://www.biletix.com/etkinlik/5BA00/TURKIYE/tr,648,,
Sulukule Roman Orkestrası,https://www.biletix.com/etkinlik/5RD29/TURKIYE/tr,250,,
Olden 1545 - Bir Delinin Hatıra Defteri,https://www.bubilet.com.tr/istanbul/etkinlik/olden-1545-bir-gecede-iki-sanat,1000,,
Emaar Akvaryum & Sualtı Hayvanat Bahçesi,https://biletinial.com/tr-tr/etkinlik/emaar-akvaryum-sualti-hayvanat-bahcesi,697,,
Manchester by the Sea / Yaşamın Kıyısında - Açık Hava Gösterimi,https://biletinial.com/tr-tr/etkinlik/yasamin-kiyisinda-film,514.99,,
Yakup Güner,https://www.biletix.com/etkinlik/5WL96/TURKIYE/tr,150,,
Kokteyl Atölyesi Deneyimi,https://biletinial.com/tr-tr/egitim/kokteyl-atolyesi-deneyimi,6500,,
Wings ile Müzede Yoga,https://biletinial.com/tr-tr/egitim/muzede-yoga,450,,
Boğaz'da Yoga,https://www.biletix.com/etkinlik/5Y520/TURKIYE/tr,1500,,
Kırmızı Balık Denizaltı Müzikali,https://www.bubilet.com.tr/istanbul/etkinlik/kirmizi-balik-denizalti-muzikali,400,,
Modern Dans Atölyesi: Rock'n Roll Yaş Grubu: 8-11,https://biletinial.com/tr-tr/muzik/modern-dans-atolyesi-rockn-roll-8-11-yas-akm,350.01,,
Samba Dans Atölyesi: Brezilya Ritimleri Yaş Grubu: 4-6,https://biletinial.com/tr-tr/muzik/samba-dans-atolyesi-brezilya-ritimleri-yas-grubu-4-6-akm,350.01,,
Deniz Kabuğundan Tasarımlar 7-9 Yaş,https://www.biletix.com/etkinlik/5TW37/TURKIYE/tr,1100,,
Anime Karakter Çizim Atölyesi,https://biletinial.com/tr-tr/muzik/anime-karakter-cizim-atolyesi-akm,350.01,,
Genç Şefler Tatlı Atölyesi 11-17 Yaş,https://www.biletix.com/etkinlik/5G396/TURKIYE/tr,7636.5,,
Suç ve Ceza,https://www.bubilet.com.tr/istanbul/etkinlik/suc-ve-ceza---,,,
Çizgi Roman Atölyesi,https://biletinial.com/tr-tr/muzik/cizgi-roman-atolyesi-akm,350.01,,
Lady Macbeth,https://biletinial.com/tr-tr/tiyatro/lady-macbeth-tiyatro-oyunu,200,,
Resim Atölyesi: Duyguları Tanımlıyoruz Yaş Grubu: 4-7,https://biletinial.com/tr-tr/muzik/resim-atolyesi-duygulari-tanimliyoruz-yas-grubu-4-7-akm,350.01,,
Küçük Kadınlar,https://biletinial.com/tr-tr/tiyatro/kucuk-kadinlar-tiyatro,200,,
Sema Mukabelesi,https://biletinial.com/tr-tr/muzik/sema-mukabelesi-,1300,,
Seramik Atölyesi ( Tek Seans Workshop ),https://biletinial.com/tr-tr/egitim/seramik-atolyesi-tek-seans-workshop-,1500,,
Romeo ve Juliet,https://www.bubilet.com.tr/istanbul/etkinlik/romeo-ve-juliet--,,,
Sadece Juliet,https://biletinial.com/tr-tr/tiyatro/sadece-juliet,350,,
BAILA!,https://bugece.co/en/event/baila-07-22-26--27bde2ab,,,
İtalyan Parti,https://www.biletix.com/etkinlik/5ZY37/TURKIYE/tr,3900,,
"Heykel - Deniz Kabuğu
",https://www.biletix.com/etkinlik/52214/TURKIYE/tr,818.2,,
"Resim - Baharda Aşk Başkadır
",https://www.biletix.com/etkinlik/52191/TURKIYE/tr,818.2,,
Othello,https://www.bubilet.com.tr/istanbul/etkinlik/othello,,,
Önemsiz Bir Kadın,https://biletinial.com/tr-tr/tiyatro/onemsiz-bir-kadin,225,,
Pub Quiz Night on Gaming Essentials: Questions in English and Turkish,https://biletinial.com/tr-tr/etkinlik/pub-quiz-night-on-gaming-essentials-questions-in-english-and-turkish,100,,
Yunus Emre Gündüz - Yunus'un Odası İnteraktif Talk Show,https://www.bubilet.com.tr/istanbul/etkinlik/yunus-emre-gunduz-yunusun-odasi-talk-show,388.1,,
Harry Potter Quiz Night,https://www.bubilet.com.tr/istanbul/etkinlik/harry-potter-quiz-night-,335,,
Margarita Cocktails Workshop,https://www.bubilet.com.tr/istanbul/etkinlik/margarita-cocktails-workshop,1400,,
Yunus Emre Gündüz- Yunus'un Odası İnteraktif Talk Show,https://biletinial.com/tr-tr/tiyatro/yunus-emre-gunduz-yunusun-odasi-interaktif-talk-show,280,,
Wednesday at Joanna Rooftop,https://bugece.co/en/event/wednesday-at-joanna-rooftop-07-22-26--47f1b6b6,,,
Stand Up Taksim Gecesi & Açık Mikrofon Çarşamba,https://www.bubilet.com.tr/istanbul/etkinlik/stand-up-taksim-gecesi-acik-mikrofon-,200,,
Mesut Can Tomay - Usta Komedyen Stand-Up,https://www.bubilet.com.tr/istanbul/etkinlik/usta-komedyen,1200,,
Saatleri Ayarlama Enstitüsü,https://www.bubilet.com.tr/istanbul/etkinlik/saatleri-ayarlama-enstitusu--,,,
Kadıköy Stand up Gecesi Çarşamba 20:30,https://www.bubilet.com.tr/istanbul/etkinlik/kadikoy-stand-up-gecesi-carsamba-,300,,
Metin Zakoğlu Stand Up,https://biletinial.com/tr-tr/tiyatro/metin-zakoglu-stand-up-,329,,
Lüküs Hayat Kabare,https://biletinial.com/tr-tr/tiyatro/lukus-hayat-kabare,438,,
Stand up Açık Mikrofon Beyoğlu | İnfiniti Sahne,https://biletinial.com/tr-tr/tiyatro/beyoglu-stand-up-acik-mikrofon-gecesi,175,,
Kadıköy Falan Stand Up Gecesi,https://biletinial.com/tr-tr/tiyatro/kadikoy-stand-up-gecesi-falan,219,,
İsmail Nuri - Stand Up (Yeni Gösteri),https://biletinial.com/tr-tr/tiyatro/ismail-nuri-stand-up-yeni-gosteri,530,,
Ölüm Veyahut Kaza,https://biletinial.com/tr-tr/tiyatro/olum-veyahut-kaza,350,,
Açık Mikrofon Ekstra,https://biletinial.com/tr-tr/tiyatro/acik-mikrofon-ekstra-tkiraz,250,,
Bir Adamla İlişkiler,https://biletinial.com/tr-tr/tiyatro/bir-adamla-iliskiler-tevfik-urgancioglu,350,,
İsmail Nuri Stand Up (Yeni Gösteri),https://www.biletix.com/etkinlik/5T9MH/TURKIYE/tr,530,,
Trivia Night,https://www.bubilet.com.tr/istanbul/etkinlik/-trivia-night-,200,,
Pink Martini,https://www.bubilet.com.tr/istanbul/etkinlik/pink-martini,2500,,
MÜZEYYEN,https://www.bubilet.com.tr/istanbul/etkinlik/muzeyyen-benzemez-kimse-sana,600,,
Yusuf Bilal Altıntaş - Entel Maganda - Stand Up,https://biletinial.com/tr-tr/tiyatro/yusuf-bilal-altintas-stand-up,658,,
Müzeyyen,https://biletinial.com/tr-tr/tiyatro/muzeyyen-benzemez-kimse-sana,672,,
Pink Martini,https://www.oggusto.com/etkinlik-rehberi/pink-martini,2000,,
Müzeyyen,https://www.biletix.com/etkinlik/5AY21/TURKIYE/tr,552,,
DJ Mert Aslan - Geçmişten Günümüze 90'lar 2000'ler Türkçe Pop,https://www.biletix.com/etkinlik/50A24/TURKIYE/tr,113,,
Yusuf Bilal Altıntaş - Entel Maganda - Stand Up,https://www.biletix.com/etkinlik/5RN89/TURKIYE/tr,666,,
Roman Holiday,https://www.biletix.com/etkinlik/5LLC7/TURKIYE/tr,1450,,
Can Bonomo,https://www.oggusto.com/etkinlik-rehberi/can-bonomo-konseri,,,
Astra Lumina İstanbul,https://biletinial.com/tr-tr/etkinlik/astra-lumina-istanbul,,,
Electro Sessions,https://www.bubilet.com.tr/istanbul/etkinlik/electro-sessions-,1,,
Elektro Sessions,https://biletinial.com/tr-tr/muzik/elektro-session,1,,
DJ Emre Demirağ  İle Türkçe Pop Gecesi,https://www.bubilet.com.tr/istanbul/etkinlik/dj-emre-demirag-ile-turkce-pop-gecesi,199,,
Black Label Society,https://www.oggusto.com/etkinlik-rehberi/black-label-society,,,
Su Altındaki Dünya Temalı Sulu Boya Atölyesi,https://biletinial.com/tr-tr/muzik/su-altindaki-dunya-temali-sulu-boya-atolyesi-akm,350.01,,
Ormanda Piknik Temalı Pastel Boya Atölyesi Yaş Grubu: 6-12,https://biletinial.com/tr-tr/muzik/ormanda-piknik-temali-pastel-boya-atolyesi-yas-grubu-6-12-akm,350.01,,
PSİKO KARMA — Çocukluktan Yetişkinliğe,https://biletinial.com/tr-tr/etkinlik/psiko-karma-cocukluktan-yetiskinlige,212,,
Sesimi ve Müzik Yeteneğimi Keşfediyorum 6-9,https://biletinial.com/tr-tr/muzik/sesimi-ve-muzik-yetenegimi-kesfediyorum-6-9-akm,350.01,,
"Kuyucaklı Yusuf Muazzez
",https://www.biletix.com/etkinlik/5FKC5/TURKIYE/tr,175,,
Madam Bovary,https://biletinial.com/tr-tr/tiyatro/madam-bovary,180,,
Kürk Mantolu Madonna,https://biletinial.com/tr-tr/tiyatro/kurk-mantolu-madonna-sempati,336,,
Heykel - Ratatuy Remy,https://www.biletix.com/etkinlik/52354/TURKIYE/tr,777.3,,
"Resim - Kedimle Randevu
",https://www.biletix.com/etkinlik/52192/TURKIYE/tr,818.2,,
"Heykel - Ratatuy Remy
",https://www.biletix.com/etkinlik/52215/TURKIYE/tr,818.2,,
Milano Yemekleri,https://www.biletix.com/etkinlik/5ZY32/TURKIYE/tr,3800,,
Kuyucaklı Yusuf,https://www.biletix.com/etkinlik/5PX0I/TURKIYE/tr,205,,
Drunk Shakespeare,https://www.bubilet.com.tr/istanbul/etkinlik/drunk-shakespeare,1250,,
Muhteşem Yüzyıl Quiz Night,https://www.bubilet.com.tr/istanbul/etkinlik/muhtesem-yuzyil-quiz-night,335,,
İsmail Nuri - Stand Up  (Yeni Gösteri),https://www.bubilet.com.tr/istanbul/etkinlik/ismail-nuri-stand-up-yeni-gosteri-,530,,
Boğaziçi Komedi Kulübü: Kadıköy Açık Mikrofon Stand-up Gecesi,https://biletinial.com/tr-tr/tiyatro/bogazici-komedi-kulubu-kadikoy-acik-mikrofon-standup-,224,,
Thursday at Joanna Rooftop,https://bugece.co/en/event/thursday-at-joanna-rooftop-07-23-26--8382dbb8,,,
Flu Kadıköy Beer Pong,https://www.bubilet.com.tr/istanbul/etkinlik/flu-kadikoy-beer-pong,200,,
Burak Ertan,https://www.bubilet.com.tr/istanbul/etkinlik/burak-ertan,400,,
İnteraktif Talk Show - Gömüş Açısı,https://www.bubilet.com.tr/istanbul/etkinlik/interaktif-talk-show-gomus-acisi,,,
STAND UP GECESİ Taksim- Pera- Beyoğlu,https://biletinial.com/tr-tr/tiyatro/stand-up-gecesi-tytr-kiraz,250,,
Yaşar Ne Yaşar Ne Yaşamaz,https://biletinial.com/tr-tr/tiyatro/yasar-ne-yasar-ne-yasamaz-doruk-tytr,329,,
Kurtuluş Stand-up Gecesi,https://biletinial.com/tr-tr/tiyatro/kurtulus-stand-up-gecesi,300,,
İnteraktif Talk Show - Gömüş Açısı,https://biletinial.com/tr-tr/tiyatro/interaktif-talk-show-gomus-acisi,225,,
İçimizdeki Şeytan,https://biletinial.com/tr-tr/tiyatro/icimizdeki-seytan-tiyatro,200,,
Hrisantos'u Kim Öldürdü?,https://www.bubilet.com.tr/istanbul/etkinlik/hrisantosu-kim-oldurdu,1000,,
Fikri Karayel Konseri,https://www.bubilet.com.tr/istanbul/etkinlik/fikri-karayel-konseri,650,,
Unmute Canlı Karaoke,https://www.bubilet.com.tr/istanbul/etkinlik/unmute-canli-karaoke,399,,
Hamnet - KitapObur / Edebiyat Kulübü,https://biletinial.com/tr-tr/egitim/hamnet-kitapobur-edebiyat-kulubu,279,,
Marsupilami - Uzun Kuyruk Marsupilami (Orj. Ver.) - Açık Hava Gösterimi,https://biletinial.com/tr-tr/etkinlik/marsupilami-uzun-kuyruk-marsupilami-acik-hava-gosterimi,514.99,,
Hrisantos'u Kim Öldürdü?,https://biletinial.com/tr-tr/tiyatro/hrisantosu-kim-oldurdu,1120,,
Müzede Suare: American Express ile Bir Yaz Gecesi Sineması Power Ballad,https://biletinial.com/tr-tr/etkinlik/muzede-suare-american-express-ile-bir-yaz-gecesi-sinemasi-power-ballad,,,
Sibel Can,https://www.biletix.com/etkinlik/5JBBU/TURKIYE/tr,1600,,
Geleceğe Dönüş,https://www.biletix.com/etkinlik/5PFC4/TURKIYE/tr,750,,
Çocuklar İçin Dans Atölyesi Yaş Grubu: 7-11,https://biletinial.com/tr-tr/muzik/cocuklar-icin-dans-atolyesi-akm,350.01,,
The Little Prince: An Adventure in Istanbul,https://biletinial.com/tr-tr/tiyatro/the-little-prince-an-adventure-in-istanbul,790,,
Cama Yansıyan Işık 9-12 Yaş,https://www.biletix.com/etkinlik/5TW38/TURKIYE/tr,1100,,
Minik Kuğular Bale Atölyesi,https://biletinial.com/tr-tr/muzik/kucuk-kugular-bale-atolyesi-akm,350.01,,
Boheme Beach x ZAMNA On The Beach,https://www.bubilet.com.tr/istanbul/etkinlik/boheme-beach-x-zamna-on-the-beach,2500,,
Ebeveyn-Çocuk Ritim ve Dans Atölyesi Yaş Grubu: 3-5,https://biletinial.com/tr-tr/muzik/ebeveyn-cocuk-ritim-ve-dans-atolyesi-yas-grubu-3-5-akm,350.01,,
Legends Of İstanbul,https://biletinial.com/tr-tr/tiyatro/legends-of-istanbul,790,,
Gece Yarısı Kütüphanesi,https://www.bubilet.com.tr/istanbul/etkinlik/gece-yarisi-kutuphanesi,150,,
Anna Karenina,https://biletinial.com/tr-tr/tiyatro/anna-karenina-tiyatro-oyun,336,,
Gece Yarısı Kütüphanesi,https://www.biletix.com/etkinlik/5R091/TURKIYE/tr,205,,
Antigone Masalı Tiyatro Oyunu,https://www.bubilet.com.tr/istanbul/etkinlik/antigone-masali-tiyatro-oyunu,150,,
Lamb of God,https://biletinial.com/tr-tr/muzik/lamb-of-god,2750,,
Antigone Masalı,https://www.biletix.com/etkinlik/5R094/TURKIYE/tr,205,,
Veronika Ölmek İstiyor,https://biletinial.com/tr-tr/tiyatro/veronika-olmek-istiyor-adim,400,,
Bosphorus Series: Kiko Franco,https://www.bubilet.com.tr/istanbul/etkinlik/bosphorus-series-kiko-franco,850,,
Stand Up - Haydaa Mehmet Mayda,https://biletinial.com/tr-tr/tiyatro/haydaa-mhmt-myda-kiraz,250,,
BaBaZuLa 30. Yıl Özel Tekne Konseri,https://biletinial.com/tr-tr/muzik/tekne-konserleri-sunar-baba-zula,1644,,
Kiko Franco at 16 ROOF,https://bugece.co/en/event/kiko-franco-at-16-roof-07-24-26--d0fe3b66,850,,
Resim - Limone,https://www.biletix.com/etkinlik/52345/TURKIYE/tr,777.3,,
Bosphorus Series : Kiko Franco,https://www.biletix.com/etkinlik/5PA39/TURKIYE/tr,850,,
Cansu Eylül Taş,https://www.biletix.com/etkinlik/5LBTK/TURKIYE/tr,3025,,
"Heykel - Küçük Prens
",https://www.biletix.com/etkinlik/52216/TURKIYE/tr,818.2,,
Resim - Limone,https://www.biletix.com/etkinlik/52308/TURKIYE/tr,1000,,
Heykel - Küçük Prens,https://www.biletix.com/etkinlik/52318/TURKIYE/tr,1000,,
"Resim - Limone
",https://www.biletix.com/etkinlik/52193/TURKIYE/tr,818.2,,
Kürk Mantolu Madonna Tiyatro Oyunu,https://www.bubilet.com.tr/istanbul/etkinlik/kurk-mantolu-madonna,150,,
GLOBAL BOAT VIBES VI — THE GOLDEN HOUR EXPERIENCE ,https://bugece.co/en/event/global-boat-vibes-vi-the-golden-hour-experience-07-24-26--06b32222,800,,
Kürk Mantolu Madonna,https://www.biletix.com/etkinlik/5R095/TURKIYE/tr,205,,
Off Campus Quiz Night,https://www.bubilet.com.tr/istanbul/etkinlik/off-campus-quiz-night,335,,
Sinan Çalışkanoğlu ile Temel Oyunculuk,https://www.bubilet.com.tr/istanbul/etkinlik/sinan-caliskanoglu-ile-temel-oyunculuk,10,,
The Pitt Quiz Night,https://www.bubilet.com.tr/istanbul/etkinlik/the-pitt-quiz-night,335,,
Kokteyl Workshop,https://www.bubilet.com.tr/istanbul/etkinlik/kokteyl-workshop---,2000,,
Kadıköy English Stand-up Comedy Open Mic,https://biletinial.com/tr-tr/tiyatro/kadikoy-english-stand-up-comedy-open-mic,224,,
Kadıköy 4'lü Stand-up Gecesi - Comedy Lab Istanbul,https://biletinial.com/tr-tr/tiyatro/kadikoy-4lu-stand-up-gecesi-comedy-lab-istanbul,336,,
Azize Show,https://biletinial.com/tr-tr/tiyatro/azize-show,1233,,
UP&DOWN at The Rooftop,https://bugece.co/en/event/upanddown-at-the-rooftop-07-24-26--9d7403da,,,
İnsanlık Hali,https://www.biletix.com/etkinlik/5RD30/TURKIYE/tr,475,,
Fosforlu Cevriye Tiyatro Oyunu,https://www.bubilet.com.tr/istanbul/etkinlik/fosforlu-cevriye-tiyatro-oyunu,200,,
Fosforlu Cevriye,https://biletinial.com/tr-tr/tiyatro/fosforlu-cevriye-sempati,224,,
Othello,https://biletinial.com/tr-tr/tiyatro/othello-,665,,
Metin Zakoğlu ile Neşeli Gazino,https://biletinial.com/tr-tr/tiyatro/komik-gazino-doruk-tytr,438,,
Stand up Taksim / Beyoğlu Gecesi | İnfiniti Sahne,https://biletinial.com/tr-tr/tiyatro/stand-up-taksim-beyoglu-gecesi-infiniti,275,,
80'ler & 90'lar Gecesi,https://biletinial.com/tr-tr/etkinlik/80ler-90lar-gecesi-friend,336,,
Bir Aşk Hikayesi,https://biletinial.com/tr-tr/tiyatro/bir-ask-hikayesi-,448,,
JAKUZİ,https://bugece.co/en/event/jakuzi-07-24-26--e462d319,1200,,
Kadıköy Komedi Gecesi,https://www.bubilet.com.tr/istanbul/etkinlik/kadikoy-stand-up-gecesi-barbar-stand-up,200,,
Ezginin Günlüğü Konseri,https://www.bubilet.com.tr/istanbul/etkinlik/ezginin-gunlugu-konseri,1415,,
Kobra Murat ile Roman Gecesi,https://www.bubilet.com.tr/istanbul/etkinlik/kobra-murat-ile-roman-gecesi,440,,
Chillakka Underground,https://www.bubilet.com.tr/istanbul/etkinlik/chillakka-underground,326,,
Erdem Özkan Konseri,https://biletinial.com/tr-tr/muzik/erdem-ozkan-konseri,800,,
The Truman Show,https://biletinial.com/tr-tr/etkinlik/the-truman-show,1050,,
NO MORE SILENCE,https://bugece.co/en/event/no-more-silence-07-24-26--c601946f,650,,
Kobra Murat İle Roman Gecesi,https://www.biletix.com/etkinlik/5EN08/TURKIYE/tr,340,,
Teoman,https://www.biletix.com/etkinlik/5JBBX/TURKIYE/tr,1000,,
"Dolapdere Big Gang & Hüsnü Şenlendirici
",https://www.biletix.com/etkinlik/5ACE6/TURKIYE/tr,1000,,
Ezginin Günlüğü,https://www.biletix.com/etkinlik/59O13/TURKIYE/tr,825,,
Devlerin Savaşı - Okan Bayülgen & Celal Kadri Kınoğlu,https://www.oggusto.com/etkinlik-rehberi/devlerin-savasi-okan-bayulgen-celal-kadri-kinoglu,728,,
Devlerin Savaşı,https://www.biletix.com/etkinlik/5FJ22/TURKIYE/tr,728,,
Jakuzi Konseri,https://www.bubilet.com.tr/istanbul/etkinlik/jakuzi-konseri,1200,,
Jakuzi,https://biletinial.com/tr-tr/muzik/jakuzi,1200,,
Aşkın 500 Günü,https://www.biletix.com/etkinlik/5PFC6/TURKIYE/tr,750,,
D-Şarj Pop Parti,https://www.bubilet.com.tr/istanbul/etkinlik/d-sarj-pop-parti,240,,
Balkan Party,https://biletinial.com/tr-tr/muzik/balkan-party,500,,
RX FRIDAZE: REGAL,https://bugece.co/en/event/rx-fridaze-regal-07-24-26--f9ceafca,600,,
Balkan Party,https://www.biletix.com/etkinlik/5MG81/TURKIYE/tr,500,,
Tekir,https://www.biletix.com/etkinlik/5MGU5/TURKIYE/tr,545,,
Yeni Türkü,https://www.biletix.com/etkinlik/5LZ19/TURKIYE/tr,550,,
Kadıköy Çakırkeyif Stand up Gecesi,https://www.bubilet.com.tr/istanbul/etkinlik/kadikoy-cakirkeyif-stand-up-gecesi,200,,
Edepsiz Komedi,https://biletinial.com/tr-tr/tiyatro/edepsiz-komedi-doruk-tyt,438,,
Friday at Joanna The Dock,https://bugece.co/en/event/friday-at-joanna-the-dock-07-24-26--4cca2154,,,
2MUCH!,https://www.bubilet.com.tr/istanbul/etkinlik/2much-,300,,
2MUCH!,https://bugece.co/en/event/2much-07-24-26--5488d99e,350,,
